economy,time,Country,Time,DT.DOD.DECT.GN.ZS,FP.CPI.TOTL.ZG,GC.DOD.TOTL.GD.ZS,NY.GDP.MKTP.KD.ZG,NY.GDP.PCAP.KD,SI.POV.GINI,SL.UEM.TOTL.ZS
PRI,YR2023,Puerto Rico (US),2023,,,,0.731492105366186,30012.9242468103,,5.725
PRI,YR2022,Puerto Rico (US),2022,,,,2.95709565499587,29643.7408907829,,6.0
PRI,YR2021,Puerto Rico (US),2021,,,,0.385222719529239,28416.6231262223,,7.9
PRI,YR2020,Puerto Rico (US),2020,,,,-4.1808743093346,28144.7223184239,,8.89
PRI,YR2019,Puerto Rico (US),2019,,,,1.67546379498209,29185.0969964707,,8.3
PRI,YR2018,Puerto Rico (US),2018,,,,-4.36142703162535,28808.8518638025,,9.2
PRI,YR2017,Puerto Rico (US),2017,,,,-2.88521838398481,29061.5563802711,,10.8
PRI,YR2016,Puerto Rico (US),2016,,,,-1.26369434781117,29326.5748761873,,11.8
PRI,YR2015,Puerto Rico (US),2015,,,,-1.04929003238674,29242.041465085,,12.0
PRI,YR2014,Puerto Rico (US),2014,,,,-1.19036347346942,29141.2038639816,,13.9
PRI,YR2013,Puerto Rico (US),2013,,,,-0.306826666941774,29115.3549161996,,14.3
PRI,YR2012,Puerto Rico (US),2012,,,,0.0292751500944064,28968.6942131352,,14.5
PRI,YR2011,Puerto Rico (US),2011,,,,-0.358510636850312,28706.0207514856,,15.7
PRI,YR2010,Puerto Rico (US),2010,,,,-0.413254119172365,28569.5077088001,,16.1
PRI,YR2009,Puerto Rico (US),2009,,,,-1.95242518381124,28565.767919549,,15.0
PRI,YR2008,Puerto Rico (US),2008,,,,-1.84413421831884,28976.1310520159,,11.48
PRI,YR2007,Puerto Rico (US),2007,,,,-1.16280665573993,29347.8460041613,,10.93
PRI,YR2006,Puerto Rico (US),2006,,,,-1.40941405684823,29519.7386759729,,11.01
PRI,YR2005,Puerto Rico (US),2005,,,,-1.98693871772703,29815.216422231,,11.35
PRI,YR2004,Puerto Rico (US),2004,,,,8.7486769008168,30375.7895758237,,10.31
PRI,YR2003,Puerto Rico (US),2003,,,,0.0534198017173964,27937.8165922567,,11.78
PRI,YR2002,Puerto Rico (US),2002,,,,0.916459423425337,27940.3826219734,,11.94
PRI,YR2001,Puerto Rico (US),2001,,,,6.31347157694064,27722.3671872748,,11.4
PRI,YR2000,Puerto Rico (US),2000,,,,3.27196451910478,26131.9630643584,,10.08
PRI,YR1999,Puerto Rico (US),1999,,,,5.38969990123002,25374.101701053,,11.81
PRI,YR1998,Puerto Rico (US),1998,,,,5.53072563643605,24197.3097487888,,13.46
PRI,YR1997,Puerto Rico (US),1997,,,,4.88008720859467,23061.3344942222,,13.8
PRI,YR1996,Puerto Rico (US),1996,,,,2.31370752929453,22193.5791326619,,13.64
PRI,YR1995,Puerto Rico (US),1995,,,,4.54898802663489,21936.4179114827,,13.93
PRI,YR1994,Puerto Rico (US),1994,,,,4.18595858478139,21176.6701749814,,14.6
PRI,YR1993,Puerto Rico (US),1993,,,,4.64452705678092,20515.5207259978,,16.91
PRI,YR1992,Puerto Rico (US),1992,,,,4.56405181441349,19770.7684693589,,16.93
PRI,YR1991,Puerto Rico (US),1991,,,,2.30439118770069,19030.2415359969,,16.18
PRI,YR1990,Puerto Rico (US),1990,,,,-2.84054072711358,18733.6452536405,,
PRI,YR1989,Puerto Rico (US),1989,,,,4.33495239845647,19453.7669223263,,
PRI,YR1988,Puerto Rico (US),1988,,,,5.88837273658802,18815.9165317687,,
PRI,YR1987,Puerto Rico (US),1987,,,,5.76899890364437,17935.0349328595,,
PRI,YR1986,Puerto Rico (US),1986,,,,4.9773674499896,17117.4157619962,,
PRI,YR1985,Puerto Rico (US),1985,,,,3.09744264466305,16463.0021217712,,
PRI,YR1984,Puerto Rico (US),1984,,,,5.92868652808995,16125.056991684,,
PRI,YR1983,Puerto Rico (US),1983,,,,-2.34197463251273,15374.5117759022,,
PRI,YR1982,Puerto Rico (US),1982,,,,-1.55664320893013,15905.0194229893,,
PRI,YR1981,Puerto Rico (US),1981,,,,1.14794722620853,16330.4184264981,,
PRI,YR1980,Puerto Rico (US),1980,,,,4.24346530474689,16329.153469581,,
PRI,YR1979,Puerto Rico (US),1979,,,,7.90682468770329,15851.8922762492,,
PRI,YR1978,Puerto Rico (US),1978,,,,6.93194622500064,14871.8653023492,,
PRI,YR1977,Puerto Rico (US),1977,,,,5.95068223635388,14091.1890829061,,
PRI,YR1976,Puerto Rico (US),1976,,,,6.24308781212062,13495.6681144974,,
PRI,YR1975,Puerto Rico (US),1975,,,,-0.654567385249976,12914.147028929,,
PRI,YR1974,Puerto Rico (US),1974,,,,2.91737849093647,13241.1544199625,,
PRI,YR1973,Puerto Rico (US),1973,,,,6.34489584805942,13136.2534761284,,
PRI,YR1972,Puerto Rico (US),1972,,,,7.17357497675278,12622.2837580479,,
PRI,YR1971,Puerto Rico (US),1971,,,,6.36544857550854,12012.2119183888,,
PRI,YR1970,Puerto Rico (US),1970,,,,8.39791794437848,11476.950423649,,
PRI,YR1969,Puerto Rico (US),1969,,,,9.37523403803715,10721.3194257597,,
PRI,YR1968,Puerto Rico (US),1968,,,,5.18043459789826,9883.65391549028,,
PRI,YR1967,Puerto Rico (US),1967,,,,6.2232233534659,9455.06963790206,,
PRI,YR1966,Puerto Rico (US),1966,,,,7.49914839628794,8971.25300484044,,
PRI,YR1965,Puerto Rico (US),1965,,,,9.204842464826,8445.13486921158,,
PRI,YR1964,Puerto Rico (US),1964,,,,7.06092372128818,7854.21072427467,,
PRI,YR1963,Puerto Rico (US),1963,,,,8.65104700867182,7481.3063755951,,
PRI,YR1962,Puerto Rico (US),1962,,,,8.32331253214566,7037.95690981374,,
PRI,YR1961,Puerto Rico (US),1961,,,,7.04173847056543,6634.17460480037,,
PRI,YR1960,Puerto Rico (US),1960,,,,,6307.40729273886,,
URY,YR2023,Uruguay,2023,,5.86910359896119,62.3670975864135,0.742128785315927,18378.9833563662,40.9,8.355
URY,YR2022,Uruguay,2022,,9.10437983075437,54.2372595164662,4.48622703072073,18228.3558443761,40.6,7.877
URY,YR2021,Uruguay,2021,,7.74791402314762,58.1130528659423,5.84427312558179,17416.0052208869,40.8,9.328
URY,YR2020,Uruguay,2020,,9.75640636078194,60.4014180930182,-7.35732706484723,16443.3635000843,40.2,10.413
URY,YR2019,Uruguay,2019,,7.88198870879619,50.1314492009057,0.928351141267498,17758.4384372986,39.7,8.836
URY,YR2018,Uruguay,2018,,7.60653360377047,47.3414750646128,0.164777608940113,17608.9441195037,39.7,8.336
URY,YR2017,Uruguay,2017,,6.2180938256186,45.0744196888857,1.74037643374211,17611.6036701032,39.5,7.89
URY,YR2016,Uruguay,2016,,9.6394134763508,46.4584676110441,1.68979822971775,17357.2349992841,39.7,7.841
URY,YR2015,Uruguay,2015,,8.66626987079328,47.27655851426,0.370741257681345,17125.9016800298,40.1,7.488
URY,YR2014,Uruguay,2014,,8.87735333229828,41.2850007392277,3.23879122952364,17122.0364563225,40.1,6.547
URY,YR2013,Uruguay,2013,,8.57513504005397,40.0884943756463,4.63753862902416,16639.4054750651,40.5,6.444
URY,YR2012,Uruguay,2012,,8.09776580573602,41.0282347517241,3.53817872056869,15949.3176985435,39.9,6.451
URY,YR2011,Uruguay,2011,,8.0928320630299,43.2074168752496,5.16213302463606,15443.9961926395,42.2,6.307
URY,YR2010,Uruguay,2010,,6.69870886978132,42.4666388098334,7.8034096507169,14722.3780081191,44.5,7.158
URY,YR2009,Uruguay,2009,,7.06221874388574,47.6955014400928,4.24349419462426,13691.71420689,45.5,7.74
URY,YR2008,Uruguay,2008,,7.87707374730888,55.8665794694501,7.17614466455107,13165.83628166,45.1,8.025
URY,YR2007,Uruguay,2007,,8.11464561179313,57.5599818827522,6.54151084504817,12310.482735502,46.4,9.403
URY,YR2006,Uruguay,2006,,6.39764974385131,68.4607045919814,4.09857735445401,11574.470540231,45.9,10.844
URY,YR2005,Uruguay,2005,,4.6992773903564,76.1144597007906,7.4601321302473,11131.3984890038,44.7,12.009
URY,YR2004,Uruguay,2004,,9.15760507540997,85.4255941362735,5.00416035564457,10366.9067382871,45.9,12.98
URY,YR2003,Uruguay,2003,,19.3797301743995,105.602780865499,0.805283915893824,9878.75684344081,45.0,16.661
URY,YR2002,Uruguay,2002,,13.9724725913515,95.2678607213147,-7.73200721540044,9806.7713064359,45.5,16.648
URY,YR2001,Uruguay,2001,,4.3593406521727,40.6433348447185,-3.84412995940374,10643.5574019273,45.0,15.052
URY,YR2000,Uruguay,2000,,4.76382472733251,,-1.92993063549235,11096.3309569487,43.4,12.627
URY,YR1999,Uruguay,1999,,5.65868803927908,,-1.52094591992036,11357.0866859804,,10.466
URY,YR1998,Uruguay,1998,,10.8110703055616,,4.51889009679091,11584.9491858277,42.5,9.362
URY,YR1997,Uruguay,1997,,19.8188093183779,,8.54768320111596,11138.8676127212,41.5,11.44
URY,YR1996,Uruguay,1996,,28.3420486004309,,5.57795776385868,10316.2027570949,40.8,11.93
URY,YR1995,Uruguay,1995,,42.2483197983755,,-1.44759896894408,9822.89680356996,40.9,10.02
URY,YR1994,Uruguay,1994,,44.7360421521933,24.5301880718095,7.28134264410127,10019.3479243955,,9.04
URY,YR1993,Uruguay,1993,,54.1007924425194,21.8791430371302,2.65754610698545,9388.10939080161,,8.35
URY,YR1992,Uruguay,1992,,68.4591938395374,23.6047773194107,7.93158841395443,9193.55122074713,41.5,8.96
URY,YR1991,Uruguay,1991,,101.971683202507,24.5905757591411,3.53880850451309,8565.26927800028,,8.95
URY,YR1990,Uruguay,1990,,112.525905573023,31.5959630364015,0.297348378681562,8320.3559048693,,
URY,YR1989,Uruguay,1989,,80.4474367280735,,1.1039010238153,8344.46966462033,42.4,
URY,YR1988,Uruguay,1988,,62.1919564596004,,1.48093746177193,8302.57484462415,,
URY,YR1987,Uruguay,1987,,63.5666624326724,,7.99313720510438,8229.87299178332,,
URY,YR1986,Uruguay,1986,,76.3806364119544,,8.80980829469384,7663.58167679033,,
URY,YR1985,Uruguay,1985,,72.2225644287756,,1.46653602887281,7080.00108604848,,
URY,YR1984,Uruguay,1984,,55.3044235418763,,-1.142617449752,7011.48236418771,,
URY,YR1983,Uruguay,1983,,49.1973796505637,,-10.274399195032,7125.0572968269,,
URY,YR1982,Uruguay,1982,,18.9925012952182,,-9.75787146088504,7976.3987522595,,
URY,YR1981,Uruguay,1981,,34.0453358609474,,1.55955982937495,8875.41372143275,43.6,
URY,YR1980,Uruguay,1980,,63.4758304314673,,5.84340090113461,8772.55429720278,,
URY,YR1979,Uruguay,1979,,66.8442861850437,,6.1991167323612,8322.21087541239,,
URY,YR1978,Uruguay,1978,,44.5483436672392,,5.37398534767648,7874.42397763508,,
URY,YR1977,Uruguay,1977,,58.1961750215737,,1.45546117847255,7514.58267665845,,
URY,YR1976,Uruguay,1976,,50.623049560462,,3.93547017536275,7453.06660958971,,
URY,YR1975,Uruguay,1975,,81.4053840067419,,6.09691431298931,7218.47356615208,,
URY,YR1974,Uruguay,1974,,77.213413779201,,2.89534459834873,6847.46769966687,,
URY,YR1973,Uruguay,1973,,96.9972653187058,,0.275199617416817,6694.22057407495,,
URY,YR1972,Uruguay,1972,,76.4849237828812,,-1.31956986163931,6712.49475408714,,
URY,YR1971,Uruguay,1971,,23.9530889061731,,-0.251711531030196,6839.05314002361,,
URY,YR1970,Uruguay,1970,,16.3061449435998,,2.33321338074524,6894.77166584278,,
URY,YR1969,Uruguay,1969,,20.9666666659998,,5.8647406331108,6778.45463653142,,
URY,YR1968,Uruguay,1968,,125.336991126492,,1.88891174472745,6447.95879059088,,
URY,YR1967,Uruguay,1967,,89.2752972850379,,-3.65683411281653,6380.1382925838,,
URY,YR1966,Uruguay,1966,,73.4626932061085,,3.06285593493642,6682.54699505643,,
URY,YR1965,Uruguay,1965,,56.5565565566607,,1.04560405431261,6547.98299761764,,
URY,YR1964,Uruguay,1964,,42.3694157015186,,2.44052077893583,6548.58687153197,,
URY,YR1963,Uruguay,1963,,21.2546957175585,,0.170458855734793,6464.23937649481,,
URY,YR1962,Uruguay,1962,,10.9074243811899,,-1.57454885002421,6529.05672885775,,
URY,YR1961,Uruguay,1961,,22.747263986796,,2.49303791805684,6714.42564871062,,
URY,YR1960,Uruguay,1960,,38.5040374002647,,,6634.19064094179,,
CHL,YR2023,Chile,2023,,7.58168251407962,,0.521367977246825,14280.3475638842,,9.013
CHL,YR2022,Chile,2022,,11.643866711056,,2.15399356192458,14283.1489501524,43.0,8.249
CHL,YR2021,Chile,2021,,4.52456838259144,,11.3149204879049,14051.4713630677,,9.281
CHL,YR2020,Chile,2020,,3.04549084804326,,-6.14347479224092,12679.024004022,47.0,10.934
CHL,YR2019,Chile,2019,,2.55754475703327,,0.634367533828438,13630.5935435578,,7.493
CHL,YR2018,Chile,2018,,2.43488981353057,,3.99002947789977,13763.0068844795,,7.623
CHL,YR2017,Chile,2017,,2.18271846868519,,1.35769537343957,13473.3458532934,45.3,7.257
CHL,YR2016,Chile,2016,,3.78619355893118,,1.753038749071,13505.097711133,,6.926
CHL,YR2015,Chile,2015,,4.34877353217044,,2.15194249981184,13433.9202987032,45.3,6.605
CHL,YR2014,Chile,2014,,4.71867527854672,,1.79264947139259,13285.9540361192,,6.761
CHL,YR2013,Chile,2013,,1.7895555398459,,3.30850824710085,13182.7329619856,46.8,6.361
CHL,YR2012,Chile,2012,,3.00744840213047,,6.15534001855494,12882.834417927,,6.79
CHL,YR2011,Chile,2011,,3.34121694259302,,6.22389678509138,12252.8441074615,46.9,7.492
CHL,YR2010,Chile,2010,,1.41071107954321,,5.85165102224047,11649.2897090856,,8.547
CHL,YR2009,Chile,2009,,0.353045178360937,,-1.11803723642878,11116.4093443103,47.4,11.313
CHL,YR2008,Chile,2008,,8.71626873039607,,3.78939280635238,11356.0922105983,,9.285
CHL,YR2007,Chile,2007,,4.40779938398044,,5.16823098528431,11051.3450717678,,8.427
CHL,YR2006,Chile,2006,,3.39201733699405,,6.04999082563968,10611.6144012877,47.7,9.024
CHL,YR2005,Chile,2005,,3.05257621387849,,5.83704571917758,10104.4208391373,,9.34
CHL,YR2004,Chile,2004,,1.05473871403517,,6.67425416822923,9642.37478651228,,10.162
CHL,YR2003,Chile,2003,,2.8101787574361,,4.72324526861041,9130.7842621819,51.5,9.765
CHL,YR2002,Chile,2002,,2.48939816650705,,3.20279913520113,8810.69052712257,,10.168
CHL,YR2001,Chile,2001,,3.56910053001467,,3.15403492459967,8632.0148244056,,10.39
CHL,YR2000,Chile,2000,,3.84327295706565,13.1456400053184,4.9716214882971,8465.35303258864,52.8,10.491
CHL,YR1999,Chile,1999,,3.33687917526023,13.2770070115782,-0.2736313981937,8161.45168872186,,11.158
CHL,YR1998,Chile,1998,,5.11024954517559,12.1152964047133,4.18088662700669,8287.45061096547,55.5,7.307
CHL,YR1997,Chile,1997,,6.13386464357927,12.7798231837826,7.3917392684331,8058.94228801535,,7.136
CHL,YR1996,Chile,1996,,7.35911781788767,14.5844761393369,7.1148626270751,7605.28953010603,54.9,7.414
CHL,YR1995,Chile,1995,,8.23263034116114,17.2839264371757,9.25542757753573,7201.13100361441,,4.7
CHL,YR1994,Chile,1994,,11.4431196444973,,5.07680374667352,6688.29717704707,56.4,5.87
CHL,YR1993,Chile,1993,,12.7277669490964,,6.6855844008042,6461.73217350303,,4.49
CHL,YR1992,Chile,1992,,15.4258064688928,,11.5019314370192,6151.76546454326,54.8,4.35
CHL,YR1991,Chile,1991,,21.7844124277757,,7.75620189312957,5606.86557277047,,5.23
CHL,YR1990,Chile,1990,,26.0364811362364,,3.59872304691744,5290.53694835535,57.2,
CHL,YR1989,Chile,1989,,17.0279367308962,,10.3583568690228,5192.61380044824,,
CHL,YR1988,Chile,1988,,14.684351250082,,7.35081069623416,4783.26035220905,,
CHL,YR1987,Chile,1987,,19.8808457201905,,6.73884253090458,4528.6333769652,56.2,
CHL,YR1986,Chile,1986,,19.4768379232582,,5.40556438635799,4310.54362901388,,
CHL,YR1985,Chile,1985,,30.7034989096151,,3.55239860775048,4153.37019930025,,
CHL,YR1984,Chile,1984,,19.8602056602626,,3.98371018713553,4072.50464907353,,
CHL,YR1983,Chile,1983,,27.2571946726204,,-4.9352297090374,3975.62230556306,,
CHL,YR1982,Chile,1982,,9.94102693041832,,-11.5020620535762,4244.09899383271,,
CHL,YR1981,Chile,1981,,19.6868327084319,,6.71863895635887,4866.12669776366,,
CHL,YR1980,Chile,1980,,35.1383405330485,,8.17228334347537,4627.19349061049,,
CHL,YR1979,Chile,1979,,33.3892190102252,,8.43582175738598,4341.27884005509,,
CHL,YR1978,Chile,1978,,40.0872246313854,,8.02682491365691,4063.41850322282,,
CHL,YR1977,Chile,1977,,91.9541325565104,,11.1491944807539,3818.62804303532,,
CHL,YR1976,Chile,1976,,211.924302225904,,3.60469484521828,3488.60951805533,,
CHL,YR1975,Chile,1975,,374.735274232635,,-12.2737621533613,3419.8279711603,,
CHL,YR1974,Chile,1974,,504.738541215978,,1.2495800122858,3959.79582475475,,
CHL,YR1973,Chile,1973,,352.810986573029,,-5.03775611682208,3973.5039726836,,
CHL,YR1972,Chile,1972,,77.7957404755204,,-0.712365918422577,4252.43567121887,,
CHL,YR1971,Chile,1971,,20.0522312040536,,9.57107393842624,4353.53619549239,,
CHL,YR1970,Chile,1970,,,,1.69447257971353,4039.58221003868,,
CHL,YR1969,Chile,1969,,,,4.10317976748962,4040.0058011806,,
CHL,YR1968,Chile,1968,,,,3.57371701447551,3948.30026572163,,
CHL,YR1967,Chile,1967,,,,3.58811073177469,3879.66399521903,,
CHL,YR1966,Chile,1966,,,,11.4634218589357,3813.4880420372,,
CHL,YR1965,Chile,1965,,,,0.670838636062939,3485.3610467235,,
CHL,YR1964,Chile,1964,,,,2.46113427734542,3528.8579265412,,
CHL,YR1963,Chile,1963,,,,5.68667190016438,3512.5701002739,,
CHL,YR1962,Chile,1962,,,,3.93078479110629,3391.27067852121,,
CHL,YR1961,Chile,1961,,,,5.51961070344885,3330.52707974518,,
CHL,YR1960,Chile,1960,,,,,3222.68320691095,,
PER,YR2023,Peru,2023,37.1975658585426,6.45561348369586,,-0.403242151494268,6568.0002779793,40.7,4.899
PER,YR2022,Peru,2022,39.9788909505895,8.33370630096231,,2.8090335533015,6667.51695632036,40.3,4.291
PER,YR2021,Peru,2021,42.6071664051668,4.27166381536798,35.2492265687178,13.3626240903125,6547.84718181776,40.1,5.097
PER,YR2020,Peru,2020,38.1780303630646,2.00241205759292,34.7649150394579,-10.9333065010382,5831.83024758521,43.7,7.179
PER,YR2019,Peru,2019,29.5044834900041,2.25212191358027,26.5266050337015,2.24063176875049,6626.26083494969,41.5,3.379
PER,YR2018,Peru,2018,32.4819714568868,1.50915423024742,25.7290009540889,3.969351341365,6593.14437459526,42.4,3.492
PER,YR2017,Peru,2017,33.9083827987592,2.99490045809443,24.7483395083352,2.51883544233135,6457.41940254721,43.3,3.691
PER,YR2016,Peru,2016,38.1972280258854,3.55717663556279,23.7062564307639,3.95331871520767,6392.25474941014,43.6,3.741
PER,YR2015,Peru,2015,37.0040696483009,3.39809194746308,22.8655544691074,3.25224477218451,6231.71150338894,43.4,3.272
PER,YR2014,Peru,2014,35.4246138507104,3.41194579807465,19.5653895947835,2.38215737180541,6103.91864749969,43.1,3.208
PER,YR2013,Peru,2013,33.3041875254961,2.76789666082002,18.3944203835483,5.85251821084928,6021.46142765232,43.9,3.575
PER,YR2012,Peru,2012,34.14014373807,3.61121294940163,19.2166594578957,6.13972470560435,5740.04346272472,44.4,3.238
PER,YR2011,Peru,2011,28.2946982865762,3.36931095333853,20.7202165716448,6.32719240161117,5453.45718713631,44.7,3.477
PER,YR2010,Peru,2010,30.8386747274741,1.52832059732901,23.6817913403586,8.33245910749577,5167.39259325937,45.5,3.6
PER,YR2009,Peru,2009,32.9985559972393,2.936231535967,26.4008658746012,1.0958236592427,4801.17153740507,47.0,3.96
PER,YR2008,Peru,2008,30.9320299079422,5.78587598206755,26.0763223472509,9.1265683014642,4778.52642172313,47.5,4.03
PER,YR2007,Peru,2007,34.1961375238097,1.77998644680372,28.5288183913942,8.5183877690955,4407.79121686416,50.0,4.08
PER,YR2006,Peru,2006,35.9534061055932,2.00225801248819,32.539457544846,7.5288990440594,4091.36268615581,50.3,4.17
PER,YR2005,Peru,2005,41.3727350377722,1.61630193862544,,6.28506032509601,3835.13219279722,50.4,4.87
PER,YR2004,Peru,2004,50.0708520347505,3.66247320092233,,4.95820320611745,3640.60299869744,49.9,4.71
PER,YR2003,Peru,2003,53.1443427021015,2.25937753363072,,4.16502313666112,3502.79165687646,53.1,4.15
PER,YR2002,Peru,2002,53.0849788812544,0.193135003853722,,5.45352893818767,3398.74991419297,53.6,4.84
PER,YR2001,Peru,2001,54.165461935894,1.97709878502053,,0.617892325624297,3261.6642505136,51.3,5.068
PER,YR2000,Peru,2000,57.0026235419152,3.75733833344474,,2.69437139806912,3286.27308475523,49.1,4.959
PER,YR1999,Peru,1999,59.5346640984021,3.46965996293019,,1.49491064308833,3250.37802318947,54.8,5.011
PER,YR1998,Peru,1998,56.044866866491,7.24782175213469,,-0.391537555833821,3258.29746206218,55.1,5.099
PER,YR1997,Peru,1997,52.5119573585364,8.56218948953653,,6.47682442079709,3331.15151093297,53.3,4.762
PER,YR1996,Peru,1996,54.1476991229528,11.5379424115177,,2.79897307912609,3186.90077024092,,4.929
PER,YR1995,Peru,1995,60.5129879783243,11.1287029707089,,7.41139504735119,3158.98338644792,,4.708
PER,YR1994,Peru,1994,61.6361055639642,23.7369050565046,55.4915347082036,12.3083661848445,2998.57693125514,44.0,4.491
PER,YR1993,Peru,1993,70.2752260339722,48.5799864468885,70.6160984544118,5.24357700773291,2723.2842310292,,4.795
PER,YR1992,Peru,1992,58.5177627414954,73.5282942442641,80.142729037233,-0.540509124723926,2640.31373880219,,5.068
PER,YR1991,Peru,1991,62.161319904505,409.530166622023,78.2167512063909,2.2192591027909,2709.27754515647,,4.926
PER,YR1990,Peru,1990,81.8468435049874,7481.66361124526,189.246285557642,-4.98256353646605,2706.92253156841,,
PER,YR1989,Peru,1989,89.7375845304335,3398.67901005332,,-12.3120414471296,2912.6643430804,,
PER,YR1988,Peru,1988,131.349943916633,667.019328585961,,-9.44127344629392,3397.01630742059,,
PER,YR1987,Peru,1987,50.7921921180285,85.8223062381846,,9.72614643050372,3837.26769850321,,
PER,YR1986,Peru,1986,73.8213873543152,77.9210255473595,,9.42596236073652,3578.0009133316,,
PER,YR1985,Peru,1985,91.5046874553848,163.399505243688,,2.06113206625895,3347.82743034644,45.6,
PER,YR1984,Peru,1984,74.6795749831435,110.208519562543,,3.60828653816966,3361.21738023781,,
PER,YR1983,Peru,1983,70.6338715218467,111.150635209157,,-10.408085798297,3325.45532400634,,
PER,YR1982,Peru,1982,52.1065088346831,64.4481585387929,,-0.2227234441863,3805.24470888803,,
PER,YR1981,Peru,1981,42.1716752144855,75.4332687576064,,5.55204181484046,3909.66676934412,,
PER,YR1980,Peru,1980,55.0688765457942,59.1450712444914,,5.94333539830841,3797.43621611508,,
PER,YR1979,Peru,1979,62.5172497229697,66.6944229664876,,4.09075057410003,3674.96184299482,,
PER,YR1978,Peru,1978,82.3905511647105,57.8487826251505,,-2.64250297882154,3619.69303247044,,
PER,YR1977,Peru,1977,65.685039732976,38.0540914196793,,0.349063699303812,3811.69775974603,,
PER,YR1976,Peru,1976,50.0988860203893,33.4832756634566,,1.44711099517411,3893.41831349783,,
PER,YR1975,Peru,1975,38.3172694554732,23.6187352963326,,4.30086316548426,3933.70255577203,,
PER,YR1974,Peru,1974,40.1629433062737,16.8916666665703,,9.38683491938303,3866.6634321787,,
PER,YR1973,Peru,1973,37.9754289089592,9.48905109503398,,6.27693475562022,3625.43301411272,,
PER,YR1972,Peru,1972,40.3706544753455,7.21972216770545,,3.47753512310473,3500.78314670801,,
PER,YR1971,Peru,1971,42.5491154050305,6.79063936495415,,4.59053992759885,3474.09968688628,,
PER,YR1970,Peru,1970,46.1246491330708,5.02523590072424,,3.36594600332614,3404.48746273535,,
PER,YR1969,Peru,1969,,6.23615806078061,,3.51445891251396,3377.29242666322,,
PER,YR1968,Peru,1968,,19.086618545438,,0.152237710931757,3355.06834981307,,
PER,YR1967,Peru,1967,,9.78360256063414,,3.85256440782895,3445.54689195427,,
PER,YR1966,Peru,1966,,8.84060374922209,,8.2389204457594,3413.00557819899,,
PER,YR1965,Peru,1965,,16.3899613894424,,5.62173344947736,3244.42752499768,,
PER,YR1964,Peru,1964,,9.79228486663484,,6.54786765047102,3161.27865870871,,
PER,YR1963,Peru,1963,,6.07014388428593,,4.32824981844591,3054.09341665986,,
PER,YR1962,Peru,1962,,6.64109326359749,,10.0352933342212,3013.56779249399,,
PER,YR1961,Peru,1961,,5.91670898836375,,7.34709633145569,2819.64448663957,,
PER,YR1960,Peru,1960,,8.6644591627191,,,2704.36949914585,,
COL,YR2023,Colombia,2023,54.9698144239845,11.7359044948689,71.3312731846403,0.712380031974334,6828.59753791113,53.9,9.591
COL,YR2022,Colombia,2022,55.2901604295775,10.1772313546166,70.2611600056829,7.32827729427979,6856.72590505374,54.8,10.541
COL,YR2021,Colombia,2021,54.5702530730857,3.49505757399448,80.4259616026375,10.8011981904878,6457.16921807086,55.1,13.898
COL,YR2020,Colombia,2020,58.195276425352,2.52663500084706,91.1566069420143,-7.18591413760859,5891.95523215403,53.5,15.983
COL,YR2019,Colombia,2019,44.0144816213322,3.52301932741447,72.703878581374,3.18685539245533,6439.96359812647,51.3,10.28
COL,YR2018,Colombia,2018,40.935302359277,3.24056932930569,71.6505702522092,2.56432428277704,6353.5464285392,50.4,9.36
COL,YR2017,Colombia,2017,41.1813299968956,4.31431325695011,66.7272478437669,1.35936086788746,6309.67745292518,49.7,9.086
COL,YR2016,Colombia,2016,43.2364464218603,7.51346024627675,66.9071609156014,2.08738250162794,6316.07067782542,50.6,8.922
COL,YR2015,Colombia,2015,39.1551312422504,4.9898311584953,53.2785874719769,2.95590137527523,6248.51490534512,51.0,8.572
COL,YR2014,Colombia,2014,28.2553484044421,2.89883787761738,47.9761695130311,4.49903000110972,6121.83982019825,52.5,8.799
COL,YR2013,Colombia,2013,25.1172990915029,2.01699224310383,67.1029119456429,5.13399351995672,5910.80592301166,52.6,9.246
COL,YR2012,Colombia,2012,22.2297739762115,3.16930188840055,65.227695883164,3.91263576716115,5675.75617978305,52.6,9.959
COL,YR2011,Colombia,2011,23.7443318388225,3.4150334477625,62.8601328222053,6.94789198173555,5517.1011086899,53.5,10.288
COL,YR2010,Colombia,2010,23.2994559987977,2.27200227892008,72.4526699261111,4.49465897070922,5214.24547620131,54.6,11.153
COL,YR2009,Colombia,2009,23.7976051164425,4.20251661216482,68.9990033374936,1.13964864548062,5046.97121757727,54.3,12.066
COL,YR2008,Colombia,2008,20.0914383123795,6.99688495554511,65.2450803056946,3.28344618616541,5048.57187245249,55.3,11.273
COL,YR2007,Colombia,2007,22.1755705052841,5.54438485815156,,6.73819469090975,4947.25260813108,,11.204
COL,YR2006,Colombia,2006,24.5225615573863,4.29342363628927,,6.71686869844402,4694.03442939175,,11.088
COL,YR2005,Colombia,2005,26.4288454610035,5.05101962689696,,4.82876110773741,4457.27537460443,53.9,11.062
COL,YR2004,Colombia,2004,33.8305465816031,5.90402005546502,,5.33302206759905,4311.91591255233,55.0,13.717
COL,YR2003,Colombia,2003,40.8305173251463,7.1297886294186,52.5354195230314,3.91827190322513,4154.17528523618,53.6,13.221
COL,YR2002,Colombia,2002,35.2321410584203,6.35150728778872,,2.50398046659659,4058.28493578738,56.0,14.481
COL,YR2001,Colombia,2001,38.2285357809693,7.96556090304834,,1.67789830787579,4020.50789754842,57.3,15.04
COL,YR2000,Colombia,2000,35.1307035253078,9.22534818585366,17.7090216802298,2.92486148176778,4016.80951748167,58.4,20.52
COL,YR1999,Colombia,1999,41.0313495533181,10.8736870857471,19.0653508704071,-4.20401524244947,3967.11339937681,58.5,20.06
COL,YR1998,Colombia,1998,34.5291474379304,18.6769799276672,5.40391549112143,0.569784088434517,4213.82800470051,,15.0
COL,YR1997,Colombia,1997,30.9377199355586,18.4700217119089,,3.43029367788374,4265.6935185646,,12.14
COL,YR1996,Colombia,1996,30.7144459884853,20.7975755127402,,2.05585471287195,4198.69126252708,56.8,11.81
COL,YR1995,Colombia,1995,27.8846116349691,20.8917930194849,,5.20243759278655,4189.72770913999,,8.72
COL,YR1994,Colombia,1994,27.6999659118892,22.8462417553045,,5.81466190724336,4059.32146113882,,8.25
COL,YR1993,Colombia,1993,29.8024890744946,22.4424828533275,,5.38540993901029,3912.6590835796,,7.8
COL,YR1992,Colombia,1992,31.2814134661587,27.0106266231361,,4.04492943933556,3787.5942918216,51.3,9.44
COL,YR1991,Colombia,1991,36.5740662733225,30.3878204854436,,2.00160759559029,3713.17727535576,51.3,10.12
COL,YR1990,Colombia,1990,38.233466133341,29.1520245976215,,4.28199833053058,3714.1849928328,,
COL,YR1989,Colombia,1989,45.8507368279778,25.8675480831988,,3.41409610966596,3636.07569199887,52.8,
COL,YR1988,Colombia,1988,45.9445011470375,28.1083969771704,,4.06417324490376,3588.96963573165,53.1,
COL,YR1987,Colombia,1987,50.1325001529614,23.302028364018,,5.36893214821323,3520.16261987219,,
COL,YR1986,Colombia,1986,46.945191744535,18.8424631612406,,5.82407613745866,3410.15965281641,,
COL,YR1985,Colombia,1985,43.5727445153469,24.090174368125,,3.1071061957296,3289.71209715409,,
COL,YR1984,Colombia,1984,33.4644447622084,16.1616171361426,,3.35068373940706,3260.28459182748,,
COL,YR1983,Colombia,1983,31.0263475775764,19.5973170624765,,1.57395603843689,3228.35593102948,,
COL,YR1982,Colombia,1982,27.6844229024393,24.7209882528585,,0.948420786604515,3253.88046917188,,
COL,YR1981,Colombia,1981,24.8589184140075,27.4537624347993,,2.27687274512178,3298.73218883264,,
COL,YR1980,Colombia,1980,21.5216486861157,26.5526531495356,,4.08735367550767,3300.51170195765,55.1,
COL,YR1979,Colombia,1979,21.9064964829768,24.1340757440455,,5.37911898820207,3244.08651685293,,
COL,YR1978,Colombia,1978,23.0627469063807,17.7631590853462,,8.4699008376688,3148.23886798572,,
COL,YR1977,Colombia,1977,27.3188399959923,33.802818357982,,4.15850545346419,2968.66258052749,,
COL,YR1976,Colombia,1976,27.5196077046655,19.8312249167931,,4.7283687345395,2914.01196628327,,
COL,YR1975,Colombia,1975,30.7960719717275,23.4375025650554,,2.32325528115796,2843.73101842111,,
COL,YR1974,Colombia,1974,28.848482294198,23.8709573656697,,5.74575718912141,2841.38134772396,,
COL,YR1973,Colombia,1973,32.9246665426703,22.5296486781843,,6.72295496919133,2748.14553426071,,
COL,YR1972,Colombia,1972,34.9872292339237,12.4444589907729,,7.66914754440097,2634.72068551099,,
COL,YR1971,Colombia,1971,34.4790470484511,11.9402616979216,,5.9607279462907,2504.49731055786,,
COL,YR1970,Colombia,1970,33.2661484043413,6.90862275848241,,6.20779696127698,2421.22502270787,,
COL,YR1969,Colombia,1969,,6.98166307955375,,6.10251730873333,2338.10714398443,,
COL,YR1968,Colombia,1968,,7.4475387831777,,5.93311799878289,2262.17424281179,,
COL,YR1967,Colombia,1967,,8.32819136425948,,4.13486416579858,2194.44365471957,,
COL,YR1966,Colombia,1966,,16.7281682748598,,5.23673586229452,2167.35670771429,,
COL,YR1965,Colombia,1965,,7.5906836693158,,3.60001138983772,2119.99498736563,,
COL,YR1964,Colombia,1964,,17.0724352164554,,6.16694132350723,2108.00878137941,,
COL,YR1963,Colombia,1963,,26.3554355250467,,3.28670755407101,2046.30756363644,,
COL,YR1962,Colombia,1962,,4.6970939506247,,5.41188961342047,2042.63527704771,,
COL,YR1961,Colombia,1961,,8.28319045648716,,5.08921698439107,1998.42316206119,,
COL,YR1960,Colombia,1960,,5.81407628204986,,,1961.2291441726,,
ARG,YR2023,Argentina,2023,39.9528949452964,133.488935594175,,-1.85578803046339,12993.0928872416,42.4,6.139
ARG,YR2022,Argentina,2022,40.0821942544545,72.430757531824,,6.02074537534855,13276.8232110189,40.7,6.805
ARG,YR2021,Argentina,2021,51.6176877458835,48.4093786255199,,10.4418119882506,12549.2811699342,42.4,8.736
ARG,YR2020,Argentina,2020,68.0983401439473,42.0150947376509,,-9.9004848136464,11393.0505957877,42.7,11.461
ARG,YR2019,Argentina,2019,65.2499452681964,53.5483043492339,,-2.00086100285785,12706.3978108968,43.3,9.843
ARG,YR2018,Argentina,2018,54.8960712180333,34.2772237131003,,-2.61739646282038,13058.3285449954,41.7,9.22
ARG,YR2017,Argentina,2017,36.0210140421607,,,2.81850297775918,13520.1129846159,41.4,8.347
ARG,YR2016,Argentina,2016,33.3125611167404,,,-2.08032784377811,13265.8860639123,42.3,8.088
ARG,YR2015,Argentina,2015,30.3597130322943,,,2.73115982828944,13679.6264980954,,7.577
ARG,YR2014,Argentina,2014,29.8319023900009,,,-2.51261532081394,13456.1319159151,41.8,7.268
ARG,YR2013,Argentina,2013,27.8097452222931,,,2.40532378079436,13946.0950832252,41.1,7.1
ARG,YR2012,Argentina,2012,26.2396878854826,,,-1.0264204544321,13754.4254235596,41.4,7.217
ARG,YR2011,Argentina,2011,27.7441780087921,,,6.00395169280579,14040.6189124444,42.7,7.18
ARG,YR2010,Argentina,2010,30.9491301873404,,,10.1253981561002,13387.1553748458,43.7,7.714
ARG,YR2009,Argentina,2009,41.4241623275672,,,-5.91852507634947,12285.3784651865,43.8,8.645
ARG,YR2008,Argentina,2008,36.7967786223547,,,4.05723310346406,13197.3570267029,45.0,7.837
ARG,YR2007,Argentina,2007,43.1501917496034,,,9.00765087504757,12811.9021206578,46.3,8.47
ARG,YR2006,Argentina,2006,52.8779757006235,,,8.04715150043027,11870.2791559298,46.4,10.078
ARG,YR2005,Argentina,2005,74.2469415660219,,,8.85165992013437,11099.7509190602,47.8,11.506
ARG,YR2004,Argentina,2004,114.783966038451,,,9.02957330068152,10302.4465316428,48.5,13.522
ARG,YR2003,Argentina,2003,133.474955613907,,,8.83704079576924,9545.53194119994,51.0,15.36
ARG,YR2002,Argentina,2002,159.890183546743,,,-10.8944848285903,8861.56199282278,53.8,19.59
ARG,YR2001,Argentina,2001,58.4932935172091,,,-4.40883968258557,10051.9448463043,53.3,17.32
ARG,YR2000,Argentina,2000,54.2417099417586,,,-0.78899893905691,10631.6503639029,51.0,15.0
ARG,YR1999,Argentina,1999,55.0294127610094,,,-3.38545704063269,10838.3199346387,49.8,14.05
ARG,YR1998,Argentina,1998,48.5365413234134,,,3.85017885156228,11348.2022124673,50.7,12.65
ARG,YR1997,Argentina,1997,44.742849204167,,,8.1110467707457,11056.6881331002,49.1,14.82
ARG,YR1996,Argentina,1996,41.6825294657416,,,5.52668982715234,10352.1400002191,49.5,17.11
ARG,YR1995,Argentina,1995,38.9848417579252,,,-2.84520961057079,9934.10776139515,48.9,18.8
ARG,YR1994,Argentina,1994,29.5945044681267,,,5.83620070368526,10359.8927204871,45.9,11.76
ARG,YR1993,Argentina,1993,27.6719318453773,,,8.20697907221228,9920.67358582437,44.8,10.1
ARG,YR1992,Argentina,1992,30.556438109999,,,7.93729155643076,9293.18692251748,45.5,6.36
ARG,YR1991,Argentina,1991,35.7191930020236,,,9.13311056738961,8729.82318518892,46.8,5.44
ARG,YR1990,Argentina,1990,46.2282372006326,,,-2.46721377810472,8115.09386370753,,
ARG,YR1989,Argentina,1989,93.3424186174631,,,-7.15694965597953,8445.4100923428,,
ARG,YR1988,Argentina,1988,48.624407682908,,,-1.08993334133791,9236.80771302535,,
ARG,YR1987,Argentina,1987,56.5978653845906,,,2.70486882770558,9484.45876638052,45.3,
ARG,YR1986,Argentina,1986,52.1206260544949,,,6.15337706275693,9378.46866394349,42.8,
ARG,YR1985,Argentina,1985,61.3235788327673,,,-5.18902435343904,8973.31874865813,,
ARG,YR1984,Argentina,1984,44.2541572106747,,,1.57073870182023,9614.44726215357,,
ARG,YR1983,Argentina,1983,47.0146805803112,,,4.34909327926756,9617.7000569575,,
ARG,YR1982,Argentina,1982,55.2560428399715,,,-0.735659159103619,9365.68465387847,,
ARG,YR1981,Argentina,1981,46.6013548308641,,,-5.18978914135593,9587.67379423426,,
ARG,YR1980,Argentina,1980,35.8155600377188,,,1.51878394990179,10275.7987023886,40.8,
ARG,YR1979,Argentina,1979,30.8582520740321,,,10.2227634638681,10284.6064087552,,
ARG,YR1978,Argentina,1978,15.2650083179408,,,-4.50612480201359,9480.94009490414,,
ARG,YR1977,Argentina,1977,20.7240052370103,,,6.93414775653342,10088.3374871635,,
ARG,YR1976,Argentina,1976,18.5632714477505,,,-2.01825151683394,9584.74851751038,,
ARG,YR1975,Argentina,1975,14.8670877222983,,,-0.0284121037110907,9936.49583447894,,
ARG,YR1974,Argentina,1974,10.7299634680028,,,5.5338043957736,10100.4469136163,,
ARG,YR1973,Argentina,1973,13.9876910704174,,,2.81175403849035,9729.53258885903,,
ARG,YR1972,Argentina,1972,20.1576140700061,,,1.62841651825939,9617.68814943737,,
ARG,YR1971,Argentina,1971,18.8909751518718,,,5.65813108184925,9614.61061692134,,
ARG,YR1970,Argentina,1970,19.3878463641955,,,3.04564331917115,9244.12251785153,,
ARG,YR1969,Argentina,1969,,,,9.67952601078326,9111.9459748551,,
ARG,YR1968,Argentina,1968,,,,4.82250077932424,8436.30856351031,,
ARG,YR1967,Argentina,1967,,,,3.19199662339177,8172.27456469042,,
ARG,YR1966,Argentina,1966,,,,-0.659726170629824,8041.22487411475,,
ARG,YR1965,Argentina,1965,,,,10.5694333376394,8219.55155637229,,
ARG,YR1964,Argentina,1964,,,,10.1302976615431,7551.02490778789,,
ARG,YR1963,Argentina,1963,,,,-5.30819682539126,6967.75019555221,,
ARG,YR1962,Argentina,1962,,,,-0.852021521903339,7480.27172420174,,
ARG,YR1961,Argentina,1961,,,,5.42784287621933,7670.59545571641,,
ARG,YR1960,Argentina,1960,,,,,7397.10965495682,,
MEX,YR2023,Mexico,2023,34.0722892134803,5.52796087314389,45.0297603114434,3.35354140652768,10259.1766616403,,2.765
MEX,YR2022,Mexico,2022,40.8971913213688,7.8962761916855,43.9694401399305,3.70975709163623,10013.2479236143,43.5,3.256
MEX,YR2021,Mexico,2021,46.8965782589805,5.68920847683753,44.8609557938384,6.0484834621255,9728.05680032556,,4.019
MEX,YR2020,Mexico,2020,56.8349663684666,3.39683415570006,45.8373464334068,-8.35403458167995,9234.64362317923,44.6,4.44
MEX,YR2019,Mexico,2019,48.7169187460769,3.63596142127046,41.3273940507878,-0.392690505066824,10159.4448364319,,3.477
MEX,YR2018,Mexico,2018,49.1902287834628,4.89935015356551,,1.97208209405635,10296.8690928534,46.0,3.275
MEX,YR2017,Mexico,2017,49.85860000761,6.04145724018986,,1.87172853327193,10193.7727193457,,3.419
MEX,YR2016,Mexico,2016,50.2965927131738,2.8217078474766,,1.77249323845399,10100.5021214015,46.9,3.853
MEX,YR2015,Mexico,2015,45.4803129174973,2.72064064964023,,2.70232342550646,10021.2386118827,,4.311
MEX,YR2014,Mexico,2014,40.8517099366641,4.01861608078679,,2.50376350288664,9862.48125444199,48.9,4.819
MEX,YR2013,Mexico,2013,39.111064663244,3.80639069747204,,0.852101559410627,9738.71059803658,,4.921
MEX,YR2012,Mexico,2012,35.2377254920235,4.11150981070289,,3.55321075993527,9782.51776305354,49.6,4.892
MEX,YR2011,Mexico,2011,29.0507246273433,3.40737824605742,,3.44404505794418,9575.93437788582,,5.175
MEX,YR2010,Mexico,2010,28.5700387934223,4.15672722680174,,4.9713345832195,9389.06722084275,47.7,5.303
MEX,YR2009,Mexico,2009,26.9674757913441,5.29735584228856,,-6.29525055780502,9074.1188145564,,5.356
MEX,YR2008,Mexico,2008,21.6625866162173,5.12498274575896,,0.943331863036903,9826.3421836048,50.8,3.874
MEX,YR2007,Mexico,2007,23.1063024261954,3.96684905458235,,2.07786393438754,9877.69532644737,,3.628
MEX,YR2006,Mexico,2006,22.0731084517312,3.62946762439132,,4.80501352746852,9813.8280424425,49.7,3.566
MEX,YR2005,Mexico,2005,24.1351947655204,3.98805714597437,,2.11324712586392,9491.51730225718,50.9,3.558
MEX,YR2004,Mexico,2004,25.8629949355891,4.68840884843143,,3.56544100946846,9421.28975988024,50.3,3.937
MEX,YR2003,Mexico,2003,26.3218083485224,4.54690012118718,,1.18554486709559,9221.99666693097,,3.455
MEX,YR2002,Mexico,2002,24.1586324842924,5.03072733151295,,-0.236588001922641,9242.27886130016,50.6,3.003
MEX,YR2001,Mexico,2001,25.9016210744203,6.36773806235037,,-0.450845253215945,9398.35074355724,,2.627
MEX,YR2000,Mexico,2000,24.5014645736466,9.49156149435403,18.1918633340197,5.02928399378261,9581.96970210753,53.4,2.646
MEX,YR1999,Mexico,1999,30.0607831007405,16.5856169707538,19.4785244628191,2.75503039300564,9264.97729259968,,2.598
MEX,YR1998,Mexico,1998,31.4567835757741,15.9283950119353,21.0082173789952,6.18507893082885,9161.89527783381,53.3,3.733
MEX,YR1997,Mexico,1997,29.1474328822531,20.6256287259247,19.7405052707619,7.19887615284711,8770.84481553539,,4.235
MEX,YR1996,Mexico,1996,37.6815596061517,34.3783832235168,23.9323468344639,6.21829715869302,8320.65295694833,52.0,5.465
MEX,YR1995,Mexico,1995,45.4530367262507,34.9992712889592,30.7434988919319,-5.91029962358286,7970.64038496182,,7.095
MEX,YR1994,Mexico,1994,25.8625661019977,6.96581237191123,26.8438813996716,4.39412788764169,8623.48043007968,53.4,4.436
MEX,YR1993,Mexico,1993,25.4259968879293,9.75146045357553,19.2441733425118,2.86699945461075,8411.79621338297,,3.365
MEX,YR1992,Mexico,1992,31.8061738071114,15.5078962533573,28.1470540238128,3.56861354412243,8330.26426802488,52.3,3.235
MEX,YR1991,Mexico,1991,37.5066955910725,22.662359455061,38.2182364854974,3.97590497138043,8197.01179494896,,3.145
MEX,YR1990,Mexico,1990,41.4065546579064,26.6516725646771,46.6268573934833,5.25004329944582,8036.86114412537,,
MEX,YR1989,Mexico,1989,44.1181970772595,20.0078767139978,,3.62544873456009,7783.80581012845,50.1,
MEX,YR1988,Mexico,1988,57.0065085595288,114.162258549066,,1.21826122938586,7657.7274754579,,
MEX,YR1987,Mexico,1987,77.9107697547345,131.82738392309,,2.06336322631584,7716.49731737025,,
MEX,YR1986,Mexico,1986,79.5703417725586,86.2333169923538,,-3.92995990782299,7713.61215366042,,
MEX,YR1985,Mexico,1985,52.1162833961507,57.7484484008702,,1.91921578613494,8194.16249388144,,
MEX,YR1984,Mexico,1984,54.5582877317912,65.4488071277602,,3.51341334932273,8207.92337537128,48.5,
MEX,YR1983,Mexico,1983,63.3543373573605,101.874938435992,,-4.62412795987231,8098.51642174164,,
MEX,YR1982,Mexico,1982,50.0602040201958,58.9134198531048,,-0.0495863656386035,8676.57130971348,,
MEX,YR1981,Mexico,1981,30.9089348657191,27.9337625982399,,9.58584115454994,8875.07151189312,,
MEX,YR1980,Mexico,1980,28.9135432044519,26.3516513562834,,8.75662242586424,8290.28898927734,,
MEX,YR1979,Mexico,1979,32.9410733103811,18.1912462987643,,9.69817013704461,7814.54966733746,,
MEX,YR1978,Mexico,1978,36.0081813107876,17.4572925678265,,8.95694232786306,7309.60711423978,,
MEX,YR1977,Mexico,1977,39.3851714009537,29.0641247103461,,3.39063970656844,6888.5789464534,,
MEX,YR1976,Mexico,1976,27.8665871530657,15.824722489347,,4.41744413626853,6845.37111751372,,
MEX,YR1975,Mexico,1975,21.3509061437009,14.9445346409267,,5.74448504862428,6740.62499353237,,
MEX,YR1974,Mexico,1974,19.9036052164824,23.7840154425787,,5.77682723020618,6559.30112736973,,
MEX,YR1973,Mexico,1973,19.5959007979127,12.0819394612938,,7.86111986063614,6385.19714673421,,
MEX,YR1972,Mexico,1972,18.8150003708253,4.94369236377875,,8.22880731245257,6099.20317390896,,
MEX,YR1971,Mexico,1971,19.8139260114195,5.46902899376838,,3.76246768495716,5809.39879118197,,
MEX,YR1970,Mexico,1970,20.3375146245684,5.00341205483431,,6.50248403469675,5774.7704592642,,
MEX,YR1969,Mexico,1969,,3.36700336711678,,3.41862002349839,5596.39687793608,,
MEX,YR1968,Mexico,1968,,2.33395093467026,,9.42327881831926,5589.05119200198,,
MEX,YR1967,Mexico,1967,,3.01694847502148,,5.85492487897324,5278.10822022788,,
MEX,YR1966,Mexico,1966,,4.21578837738435,,6.09613930256681,5153.81469089099,,
MEX,YR1965,Mexico,1965,,3.56803865742936,,7.09999999747173,5021.3479928949,,
MEX,YR1964,Mexico,1964,,2.33790317234362,,11.9054807657866,4845.87442780417,,
MEX,YR1963,Mexico,1963,,0.594055008461965,,8.10688692761114,4474.72750864397,,
MEX,YR1962,Mexico,1962,,1.19898417815082,,4.66441467253127,4276.14326508853,,
MEX,YR1961,Mexico,1961,,1.6087596908193,,5.00000000072309,4219.18150869443,,
MEX,YR1960,Mexico,1960,,4.92751886903116,,,4145.79302184391,,
BRA,YR2023,Brazil,2023,28.628650184641,4.59356282283204,83.0317498511131,3.24165532813583,9288.02594608687,51.6,7.947
BRA,YR2022,Brazil,2022,30.5621181630478,9.28010608956873,79.1023218876878,3.01669435408112,9032.08377657776,52.0,9.231
BRA,YR2021,Brazil,2021,35.2910131878973,8.30165975585673,85.0115036759105,4.7626043797061,8799.22844579944,52.9,13.158
BRA,YR2020,Brazil,2020,38.0076646022397,3.21176803803376,98.7098819481716,-3.27675879612903,8435.01046209185,48.9,13.697
BRA,YR2019,Brazil,2019,31.1964144613097,3.73297621216894,92.5652532010336,1.22077782271943,8771.43950372603,53.5,11.936
BRA,YR2018,Brazil,2018,29.9289604206331,3.66485028376729,86.6078841230118,1.78366676137003,8722.33529970988,53.9,12.329
BRA,YR2017,Brazil,2017,26.8156664558868,3.44637335032669,83.6692026484793,1.32286905390815,8628.25209645723,53.3,12.792
BRA,YR2016,Brazil,2016,30.9090873467642,8.73914352329393,73.4188038098507,-3.2759169063211,8577.84277969667,53.4,11.58
BRA,YR2015,Brazil,2015,30.7299282835538,9.02990102416136,67.5375540389418,-3.54576339347278,8936.1955889444,51.9,8.538
BRA,YR2014,Brazil,2014,23.1060429665359,6.32904015516139,58.4572711007508,0.503955740273241,9338.34170840985,52.0,6.755
BRA,YR2013,Brazil,2013,19.8377244708135,6.20431066640101,57.2284093858434,3.0048226702888,9366.73824670239,52.7,7.071
BRA,YR2012,Brazil,2012,18.3256247191339,5.40349914036997,59.8494900102759,1.92117598509462,9167.49818450433,53.4,7.251
BRA,YR2011,Brazil,2011,15.8516033318801,6.6364496221309,59.341658294152,3.97442307944702,9067.99212019529,52.9,7.578
BRA,YR2010,Brazil,2010,16.4609633891935,5.03872690108075,61.3187804640802,7.52822581812151,8792.63334959864,,8.42
BRA,YR2009,Brazil,2009,17.2780448195865,4.88803479876799,,-0.12581200299141,8246.09612122851,53.7,9.419
BRA,YR2008,Brazil,2008,15.8956462087501,5.67859390284168,,5.09419544811998,8330.76364001877,54.0,8.268
BRA,YR2007,Brazil,2007,17.4373059288235,3.64127299102652,,6.06987060733128,8003.2532101272,54.9,9.28
BRA,YR2006,Brazil,2006,17.9925275401458,4.18356812896909,,3.96198870899485,7622.03919432148,55.6,9.692
BRA,YR2005,Brazil,2005,21.7546275711234,6.86953720898964,,3.20213206216255,7409.56827992249,56.3,10.551
BRA,YR2004,Brazil,2004,33.9781537953332,6.59718509985963,,5.75996463685998,7258.78101654079,56.5,10.072
BRA,YR2003,Brazil,2003,43.6447539570516,14.7149197228147,,1.14082899877101,6941.43965883253,57.6,11.168
BRA,YR2002,Brazil,2002,47.0768538372546,8.45016437708331,,3.05346185683619,6944.62257593723,58.1,10.641
BRA,YR2001,Brazil,2001,42.4435005758245,6.84035902487523,,1.3898964044581,6823.0331851176,58.4,10.649
BRA,YR2000,Brazil,2000,38.096473476996,7.04414105947266,,4.38794944364869,6817.78345634413,,10.889
BRA,YR1999,Brazil,1999,42.1767806671039,4.85844749902667,,0.467937566679467,6621.63600079445,59.0,11.125
BRA,YR1998,Brazil,1998,28.6093884024265,3.19507629280052,,0.338097901952338,6687.49446621217,59.6,10.15
BRA,YR1997,Brazil,1997,22.9073572977231,6.92671251629154,,3.39484598531597,6764.85764267331,59.8,9.003
BRA,YR1996,Brazil,1996,21.6665361778305,15.7576656002606,,2.20886405051482,6640.72624266152,59.8,8.035
BRA,YR1995,Brazil,1995,21.2189844098868,66.0070335542481,,4.2237936336472,6596.33496795058,59.5,7.092
BRA,YR1994,Brazil,1994,30.2671190323539,2075.88839757325,,5.8528703643893,6427.1682800904,,6.579
BRA,YR1993,Brazil,1993,40.2418824846136,1927.38079016026,,4.92469000463774,6167.46021218994,60.1,6.03
BRA,YR1992,Brazil,1992,40.2284403068835,951.962053052818,,-0.544072051030298,5973.98216883419,53.1,7.086
BRA,YR1991,Brazil,1991,36.2352775207343,432.786661926461,,1.0321895854696,6107.64813406258,,6.887
BRA,YR1990,Brazil,1990,32.1065884304153,2947.732772483,,-4.35000000000022,6149.86718171298,60.5,
BRA,YR1989,Brazil,1989,26.4069983849145,1430.7237251472,,3.16000000000032,6545.42500266815,63.2,
BRA,YR1988,Brazil,1988,37.2701745469958,629.114509120897,,-0.059999999999917,6463.0047088078,61.4,
BRA,YR1987,Brazil,1987,42.5779229973393,228.336162575513,,3.52999999999983,6591.60807033276,59.6,
BRA,YR1986,Brazil,1986,42.8010801980531,147.142826237604,,7.48999999999982,6494.28013196959,58.4,
BRA,YR1985,Brazil,1985,49.3562670795796,225.989665211895,,7.85000000000042,6167.51272700545,55.5,
BRA,YR1984,Brazil,1984,52.9382283982201,192.121733132051,,5.39999999999988,5841.74919254,58.3,
BRA,YR1983,Brazil,1983,51.7231840196999,135.027682230473,,-2.92999999999996,5664.96303325051,58.9,
BRA,YR1982,Brazil,1982,35.3362197646868,100.54335919485,,0.829999999999529,5967.77830926407,58.4,
BRA,YR1981,Brazil,1981,32.4208251487198,101.725072957927,,-4.24999999999956,6055.09711763363,57.9,
BRA,YR1980,Brazil,1980,31.6691441907546,,,9.19999999999976,6472.8514012089,,
BRA,YR1979,Brazil,1979,28.2240868693677,,,6.7595601220408,6069.05404485017,,
BRA,YR1978,Brazil,1978,28.0660302162939,,,4.96989768924738,5821.49064272897,,
BRA,YR1977,Brazil,1977,24.5306428494806,,,4.93432806978961,5679.7852565026,,
BRA,YR1976,Brazil,1976,22.4805684309467,,,10.2571295347867,5543.43574164572,,
BRA,YR1975,Brazil,1975,22.7686658623387,,,5.16664908406321,5148.9100263446,,
BRA,YR1974,Brazil,1974,21.5335073009743,,,8.15393868457201,5013.81667045545,,
BRA,YR1973,Brazil,1973,19.2215423784086,,,13.9687217796782,4748.26191756201,,
BRA,YR1972,Brazil,1972,20.4280406556533,,,11.9403481162508,4268.38335589405,,
BRA,YR1971,Brazil,1971,15.8702009003508,,,11.3429219931908,3907.01181027174,,
BRA,YR1970,Brazil,1970,14.3406853099033,,,10.4,3595.95044908964,,
BRA,YR1969,Brazil,1969,,,,9.49999999999993,3338.76209023096,,
BRA,YR1968,Brazil,1968,,,,9.79999999999998,3126.53512211915,,
BRA,YR1967,Brazil,1967,,,,4.2,2921.37209027165,,
BRA,YR1966,Brazil,1966,,,,6.7000000000001,2878.69946229799,,
BRA,YR1965,Brazil,1965,,,,2.40000000000001,2772.67144490813,,
BRA,YR1964,Brazil,1964,,,,3.39999999999985,2785.07411170014,,
BRA,YR1963,Brazil,1963,,,,0.600000000000065,2772.57963005713,,
BRA,YR1962,Brazil,1962,,,,6.59999999999992,2838.47197259622,,
BRA,YR1961,Brazil,1961,,,,8.60000000000014,2743.38857281135,,
BRA,YR1960,Brazil,1960,,,,,2603.51871089146,,
